title,category,description
A Step-by-Step Guide to Setting Up a Custom BPE Tokenizer with Tiktoken for Advanced NLP Applications in Python,"Machine Learning, Tutorials","In this tutorial, well learn how to create a custom tokenizer using the tiktoken library. The process involves loading a pretrained tokenizer model, defining both base and special tokens, initializing the tokenizer with a specific regular expression for token splitting, and testing its functionality by encoding and decoding some sample text. This setup is essential  The post A StepbyStep Guide to Setting Up a Custom BPE Tokenizer with Tiktoken for Advanced NLP Applications in Python appeared first on MarkTechPost ."
Enhancing Reasoning Capabilities in Low-Resource Language Models through Efficient Model Merging,Language Model,"Large Language Models LLMs have shown exceptional capabilities in complex reasoning tasks through recent advancements in scaling and specialized training approaches. While models like OpenAI o1 and DeepSeek R1 have set new benchmarks in addressing reasoning problems, a significant disparity exists in their performance across different languages. The dominance of English and Chinese in training  The post Enhancing Reasoning Capabilities in LowResource Language Models through Efficient Model Merging appeared first on MarkTechPost ."
Higher-Order Guided Diffusion for Graph Generation: A Coarse-to-Fine Approach to Preserving Topological Structures,Machine Learning,"Graph generation is a complex problem that involves constructing structured, nonEuclidean representations while maintaining meaningful relationships between entities. Most current methods fail to capture higherorder interactions, like motifs and simplicial complexes, required for molecular modeling, social network analysis, and protein design applications. Diffusionbased methods, first developed for image synthesis, have been popularized widely in the  The post HigherOrder Guided Diffusion for Graph Generation A CoarsetoFine Approach to Preserving Topological Structures appeared first on MarkTechPost ."
LG AI Research Releases NEXUS: An Advanced System Integrating Agent AI System and Data Compliance Standards to Address Legal Concerns in AI Datasets,"Agentic AI, AI Agents, Language Model, Machine Learning, Promote","After the advent of LLMs, AI Research has focused solely on the development of powerful models day by day. These cuttingedge new models improve users experience across various reasoning, content generation tasks, etc. However, trust in the results and the underlying reasoning used by these models have recently been in the spotlight. In developing these  The post LG AI Research Releases NEXUS An Advanced System Integrating Agent AI System and Data Compliance Standards to Address Legal Concerns in AI Datasets appeared first on MarkTechPost ."
This AI Paper from IBM and MIT Introduces SOLOMON: A Neuro-Inspired Reasoning Network for Enhancing LLM Adaptability in Semiconductor Layout Design,"Language Model, Large Language Model, Machine Learning","Adapting large language models for specialized domains remains challenging, especially in fields requiring spatial reasoning and structured problemsolving, even though they specialize in complex reasoning. Semiconductor layout design is a prime example, where AI tools must interpret geometric constraints and ensure precise component placement. Researchers are developing advanced AI architectures to enhance LLMs ability to  The post This AI Paper from IBM and MIT Introduces SOLOMON A NeuroInspired Reasoning Network for Enhancing LLM Adaptability in Semiconductor Layout Design appeared first on MarkTechPost ."
KAIST and DeepAuto AI Researchers Propose InfiniteHiP: A Game-Changing Long-Context LLM Framework for 3M-Token Inference on a Single GPU,"Language Model, Large Language Model, Machine Learning","In large language models LLMs, processing extended input sequences demands significant computational and memory resources, leading to slower inference and higher hardware costs. The attention mechanism, a core component, further exacerbates these challenges due to its quadratic complexity relative to sequence length. Also, maintaining the previous context using a keyvalue KV cache results in high  The post KAIST and DeepAuto AI Researchers Propose InfiniteHiP A GameChanging LongContext LLM Framework for 3MToken Inference on a Single GPU appeared first on MarkTechPost ."
Tutorial: Semantic Clustering of User Messages with LLM Prompts,"Large Language Models, K Nearest Neighbors, Llm, Prompt Engineering, Python, Semantic Analysis","As a Developer Advocate, its challenging to keep up with user forum messages and understand the big picture of what users are saying. Theres plenty of valuable content  but how can you quickly spot the key conversations In this tutorial, Ill show you an AI hack to perform semantic clustering simply by prompting LLMs  The post Tutorial Semantic Clustering of User Messages with LLM Prompts appeared first on Towards Data Science ."
On-Device Machine Learning in Spatial Computing,"Machine Learning, 3d Object Detection, Augmented Reality, Computer Vision, Hands On Tutorials, Spatial Computing","The landscape of computing is undergoing a profound transformation with the emergence of spatial computing platformsVR and AR. As we step into this new era, the intersection of virtual reality, augmented reality, and ondevice machine learning presents unprecedented opportunities for developers to create experiences that seamlessly blend digital content with the physical world. The introduction  The post OnDevice Machine Learning in Spatial Computing appeared first on Towards Data Science ."
OpenAI introduces SWE-Lancer: A Benchmark for Evaluating Model Performance on Real-World Freelance Software Engineering Work,Machine Learning,"Addressing the evolving challenges in software engineering starts with recognizing that traditional benchmarks often fall short. Realworld freelance software engineering is complex, involving much more than isolated coding tasks. Freelance engineers work on entire codebases, integrate diverse systems, and manage intricate client requirements. Conventional evaluation methods, which typically emphasize unit tests, miss critical aspects such  The post OpenAI introduces SWELancer A Benchmark for Evaluating Model Performance on RealWorld Freelance Software Engineering Work appeared first on MarkTechPost ."
This AI Paper Introduces Diverse Inference and Verification: Enhancing AI Reasoning for Advanced Mathematical and Logical Problem-Solving,,"Large language models have demonstrated remarkable problemsolving capabilities and mathematical and logical reasoning. These models have been applied to complex reasoning tasks, including International Mathematical Olympiad IMO combinatorics problems, Abstraction and Reasoning Corpus ARC puzzles, and Humanitys Last Exam HLE questions. Despite improvements, existing AI models often struggle with highlevel problemsolving that requires abstract reasoning,  The post This AI Paper Introduces Diverse Inference and Verification Enhancing AI Reasoning for Advanced Mathematical and Logical ProblemSolving appeared first on MarkTechPost ."
Ola: A State-of-the-Art Omni-Modal Understanding Model with Advanced Progressive Modality Alignment Strategy,Computer Vision,"Understanding different data types like text, images, videos, and audio in one model is a big challenge. Large language models that handle all these together struggle to match the performance of models designed for just one type. Training such models is difficult because different data types have different patterns, making it hard to balance accuracy  The post Ola A StateoftheArt OmniModal Understanding Model with Advanced Progressive Modality Alignment Strategy appeared first on MarkTechPost ."
Enhancing Diffusion Models: The Role of Sparsity and Regularization in Efficient Generative AI,Machine Learning,"Diffusion models have emerged as a crucial generative AI framework, excelling in tasks such as image synthesis, video generation, texttoimage translation, and molecular design. These models function through two stochastic processes a forward process that incrementally adds noise to data, converting it into Gaussian noise, and a reverse process that reconstructs samples by learning to  The post Enhancing Diffusion Models The Role of Sparsity and Regularization in Efficient Generative AI appeared first on MarkTechPost ."
Scale AI Research Introduces J2 Attackers: Leveraging Human Expertise to Transform Advanced LLMs into Effective Red Teamers,Language Model,"Transforming language models into effective red teamers is not without its challenges. Modern large language models have transformed the way we interact with technology, yet they still struggle with preventing the generation of harmful content. Efforts such as refusal training help these models deny risky requests, but even these safeguards can be bypassed with carefully  The post Scale AI Research Introduces J2 Attackers Leveraging Human Expertise to Transform Advanced LLMs into Effective Red Teamers appeared first on MarkTechPost ."
Stanford Researchers Introduced a Multi-Agent Reinforcement Learning Framework for Effective Social Deduction in AI Communication,"Language Model, Machine Learning","Artificial intelligence in multiagent environments has made significant strides, particularly in reinforcement learning. One of the core challenges in this domain is developing AI agents capable of communicating effectively through natural language. This is particularly critical in settings where each agent has only partial visibility of the environment, making knowledgesharing essential for achieving collective goals.  The post Stanford Researchers Introduced a MultiAgent Reinforcement Learning Framework for Effective Social Deduction in AI Communication appeared first on MarkTechPost ."
Rethinking AI Safety: Balancing Existential Risks and Practical Challenges,,"Recent discussions on AI safety increasingly link it to existential risks posed by advanced AI, suggesting that addressing safety inherently involves considering catastrophic scenarios. However, this perspective has drawbacks it may exclude researchers with different approaches, mislead the public into thinking AI safety is solely about existential threats, and create resistance among skeptics. As AI  The post Rethinking AI Safety Balancing Existential Risks and Practical Challenges appeared first on MarkTechPost ."
AlphaGeometry2: The AI That Outperforms Human Olympiad Champions in Geometry,"AI and mathematical logic, AI in mathematical reasoning, AI in mathematics, AI in Olympiad mathematics, AI logical reasoning, AI theorem proving, AlphaGeometry, AlphaGeometry2, Artificial intelligence in geometry, DeepMind AlphaGeometry, Google DeepMind, Neurosymbolic AI, Neurosymbolic Reasoning","Artificial intelligence has long been trying to mimic humanlike logical reasoning. While it has made massive progress in pattern recognition, abstract reasoning and symbolic deduction have remained tough challenges for AI. This limitation becomes especially evident when AI is being used for mathematical problemsolving, a discipline that has long been a testament to human cognitive  The post AlphaGeometry2 The AI That Outperforms Human Olympiad Champions in Geometry appeared first on Unite.AI ."
"Dr. Ashish Agarwal, Co-Founder & CTO of WRMS – Interview Series",WRMS,"Ashish Agarwal is an accomplished Chief Technology Officer with extensive experience in the industrial automation industry. He has a robust skill set encompassing software development, startups, mobile payments, embedded systems, and mobile devices. Ashish cofounded Weather Risk Management Services Pvt. Ltd. WRMS and has been serving as the Chief Technology Officer since January 2016. In  The post Dr. Ashish Agarwal, CoFounder  CTO of WRMS  Interview Series appeared first on Unite.AI ."
The Path from RPA to Autonomous Agents,"agents, autonomous agents, RPA, SymphonyAI","A financial crime investigator who once received large volumes of suspicious activity alerts requiring tedious investigation work manually gathering data across systems in order to weed out false positives and draft Suspicious Activity Reports SARs on the others. Today, she receives prioritized alerts with automated research and suggested content that can generate SARs in minutes.  The post The Path from RPA to Autonomous Agents appeared first on Unite.AI ."
10 Best AI Tools for Personal Trainers (February 2025),"Best Of, best of, health, personal trainers, personal training, workout","Personal trainers can use a range of AIpowered tools to better their services. From generating customized workout programs and managing client progress to planning nutrition, these tools save time and provide datadriven insights. Below are some of the best AI tools for personal trainers and AI health, covering workout programming, client management, and nutrition planning. The  The post 10 Best AI Tools for Personal Trainers February 2025 appeared first on Unite.AI ."
"Data Scientist: From School to Work, Part I","Data Science, Dependency Management, Development Environment, Project Management, Python","Nowadays, data science projects do not end with the proof of concept every project has the goal of being used in production. It is important, therefore, to deliver highquality code. I have been working as a data scientist for more than ten years and I have noticed that juniors usually have a weak level in  The post Data Scientist From School to Work, Part I appeared first on Towards Data Science ."
How to Fine-Tune DistilBERT for Emotion Classification,"Machine Learning, Distilbert, Emotion Analysis, Fine Tuning, Text Classification, Transformer Model","The customer support teams were drowning with the overwhelming volume of customer inquiries at every company Ive worked at. Have you had similar experiences What if I told you that you could use AI to automatically identify, categorize, and even resolve the most common issues By finetuning a transformer model like BERT, you can build  The post How to FineTune DistilBERT for Emotion Classification appeared first on Towards Data Science ."
Learning How to Play Atari Games Through Deep Neural Networks,"Machine Learning, Deep Neural Networks, Gaming, Reinforcemect Learning","In July 1959, Arthur Samuel developed one of the first agents to play the game of checkers. What constitutes an agent that plays checkers can be best described in Samuels own words, a computer that can be programmed so that it will learn to play a better game of checkers than can be played by  The post Learning How to Play Atari Games Through Deep Neural Networks appeared first on Towards Data Science ."
Honestly Uncertain,"Data Science, Math, Predictive Modeling, Probabilistic Forecast, Statistics, Thoughts And Theory","Ethical issues aside, should you be honest when asked how certain you are about some belief Of course, it depends. In this blog post, youll learn on what. A probabilistic quiz game David Spiegelhalters new as of 2025 fantastic book, The Art of Uncertainty  a mustread for everyone who deals with probabilities and their communication  The post Honestly Uncertain appeared first on Towards Data Science ."
"How LLMs Work: Pre-Training to Post-Training, Neural Networks, Hallucinations, and Inference","Large Language Models, Hallucinations, Inference, Machine Learning, Neural Network, Pretraining","With the recent explosion of interest in large language models LLMs, they often seem almost magical. But lets demystify them. I wanted to step back and unpack the fundamentals  breaking down how LLMs are built, trained, and finetuned to become the AI systems we interact with today. This twopart deep dive is something Ive been meaning  The post How LLMs Work PreTraining to PostTraining, Neural Networks, Hallucinations, and Inference appeared first on Towards Data Science ."
The Future of Data: How Decision Intelligence is Revolutionizing Data,"Data Science, Ai For Business, Business, Decision Intelligence, Decision Making","In the past few years, technology and AI have evolved more than ever. As I read about the new concepts in tech and learn new skills and techniques each day, I feel in a state of limbo  there is so much content to consume and yet, very little content that I could create. In the rapidly  The post The Future of Data How Decision Intelligence is Revolutionizing Data appeared first on Towards Data Science ."
Retrieval Augmented Generation in SQLite,"Large Language Models, Document Retrieval, Hands On Tutorials, Machine Learning, Retrieval Augmented, Sqlite","This is the second in a twopart series on using SQLite for machine learning. In my last article, I dove into how SQLite is rapidly becoming a productionready database for web applications. In this article, I will discuss how to perform retrievalaugmentedgeneration using SQLite. If youd like a custom web application with generative AI integration,  The post Retrieval Augmented Generation in SQLite appeared first on Towards Data Science ."
"Like human brains, large language models reason about diverse data in a general way","Research, Computer science and technology, Machine learning, Algorithms, Language, Data, Computer Science and Artificial Intelligence Laboratory (CSAIL), Electrical engineering and computer science (EECS), School of Engineering, MIT Schwarzman College of Computing, MIT-IBM Watson AI Lab",A new study shows LLMs represent different data types based on their underlying meaning and reason about data in their dominant language.
MIT spinout maps the body’s metabolites to uncover the hidden drivers of disease,"Startups, Alumni/ae, Faculty, Innovation and Entrepreneurship (I&E), Health, Algorithms, Biological engineering, Medicine, Disease, MIT intellectual property, School of Engineering","ReviveMed uses AI to gather largescale data on metabolites  molecules like lipids, cholesterol, and sugar  to match patients with therapeutics."
Microsoft AI Releases OmniParser V2: An AI Tool that Turns Any LLM into a Computer Use Agent,"Language Model, Large Language Model, New Releases","In the realm of artificial intelligence, enabling Large Language Models LLMs to navigate and interact with graphical user interfaces GUIs has been a notable challenge. While LLMs are adept at processing textual data, they often encounter difficulties when interpreting visual elements like icons, buttons, and menus. This limitation restricts their effectiveness in tasks that require  The post Microsoft AI Releases OmniParser V2 An AI Tool that Turns Any LLM into a Computer Use Agent appeared first on MarkTechPost ."
Moonshot AI Research Introduce Mixture of Block Attention (MoBA): A New AI Approach that Applies the Principles of Mixture of Experts (MoE) to the Attention Mechanism,"Language Model, Machine Learning, Multimodal AI","Efficiently handling long contexts has been a longstanding challenge in natural language processing. As large language models expand their capacity to read, comprehend, and generate text, the attention mechanismcentral to how they process inputcan become a bottleneck. In a typical Transformer architecture, this mechanism compares every token to every other token, resulting in computational costs  The post Moonshot AI Research Introduce Mixture of Block Attention MoBA A New AI Approach that Applies the Principles of Mixture of Experts MoE to the Attention Mechanism appeared first on MarkTechPost ."
ViLa-MIL: Enhancing Whole Slide Image Classification with Dual-Scale Vision-Language Multiple Instance Learning,Computer Vision,Whole Slide Image WSI classification in digital pathology presents several critical challenges due to the immense size and hierarchical nature of WSIs. WSIs contain billions of pixels and hence direct observation is computationally infeasible. Current strategies based on multiple instance learning MIL are effective in performance but considerably dependent on large amounts of baglevel annotated  The post ViLaMIL Enhancing Whole Slide Image Classification with DualScale VisionLanguage Multiple Instance Learning appeared first on MarkTechPost .
Mistral AI Introduces Mistral Saba: A New Regional Language Model Designed to Excel in Arabic and South Indian-Origin Languages such as Tamil,"Language Model, Large Language Model, Machine Learning","As artificial intelligence AI continues to gain traction across industries, one persistent challenge remains creating language models that truly understand the diversity of human languages, including regional dialects and local cultural contexts. While advancements in AI have primarily focused on English, many languages, particularly those spoken in the Middle East and South Asia, remain underserved.  The post Mistral AI Introduces Mistral Saba A New Regional Language Model Designed to Excel in Arabic and South IndianOrigin Languages such as Tamil appeared first on MarkTechPost ."
DeepSeek AI Introduces NSA: A Hardware-Aligned and Natively Trainable Sparse Attention Mechanism for Ultra-Fast Long-Context Training and Inference,"Language Model, Large Language Model, Machine Learning","In recent years, language models have been pushed to handle increasingly long contexts. This need has exposed some inherent problems in the standard attention mechanisms. The quadratic complexity of full attention quickly becomes a bottleneck when processing long sequences. Memory usage and computational demands increase rapidly, making it challenging for practical applications such as multiturn  The post DeepSeek AI Introduces NSA A HardwareAligned and Natively Trainable Sparse Attention Mechanism for UltraFast LongContext Training and Inference appeared first on MarkTechPost ."
A Stepwise Python Code Implementation to Create Interactive Photorealistic Faces with NVIDIA StyleGAN2‑ADA,"Machine Learning, Python, Tutorials","In this tutorial, we will do an indepth, interactive exploration of NVIDIAs StyleGAN2ADA PyTorch model, showcasing its powerful capabilities for generating photorealistic images. Leveraging a pretrained FFHQ model, users can generate highquality synthetic face images from a single latent seed or visualize smooth transitions through latent space interpolation between different seeds. With an intuitive interface  The post A Stepwise Python Code Implementation to Create Interactive Photorealistic Faces with NVIDIA StyleGAN2ADA appeared first on MarkTechPost ."
All You Need to Know about Vision Language Models VLMs: A Survey Article,"Language Model, Machine Learning","Vision Language Models have been a revolutionizing milestone in the development of language models, which overcomes the shortcomings of predecessor pretrained LLMs like LLama, GPT, etc. Vision Language Models explore a new territory beyond single modularity to combine inputs from text and image videos. VLMs thus bestow a better understanding of visualspatial relationships by expanding  The post All You Need to Know about Vision Language Models VLMs A Survey Article appeared first on MarkTechPost ."
Meet Fino1-8B: A Fine-Tuned Version of Llama 3.1 8B Instruct Designed to Improve Performance on Financial Reasoning Tasks,Language Model,"Understanding financial information means analyzing numbers, financial terms, and organized data like tables for useful insights. It requires math calculations and knowledge of economic concepts, rules, and relationships between financial terms. Although sophisticated AI models have shown excellent general reasoning ability, their suitability for financial tasks is questionable. Such tasks require more than simple mathematical  The post Meet Fino18B A FineTuned Version of Llama 3.1 8B Instruct Designed to Improve Performance on Financial Reasoning Tasks appeared first on MarkTechPost ."
Mira Murati Launches Thinking Machines Lab: The Next Big AI Challenger,"mira murati, thinking machines, thinking machines lab","One of the brightest minds in artificial intelligence, Mira Murati, has officially launched her next ambitious venture Thinking Machines Lab. With a handpicked team of elite AI researchers and engineersincluding key figures from OpenAI, Character.ai, and Google DeepMindMurati is positioning her new company as the next major player in the AI revolution, alongside OpenAI, and  The post Mira Murati Launches Thinking Machines Lab The Next Big AI Challenger appeared first on Unite.AI ."
StealthGPT Review: Can It Really Fool AI Detectors?,"AI Tools 101, stealthgpt","Have you ever spent hours carefully writing something, only to have an AI detector flag it as machinegenerated It can be frustrating. With AI writing tools becoming more advanced, so are the detection systems trying to spot them. Thats where StealthGPT comes in StealthGPT is an AI tool that not only generates highquality content but  The post StealthGPT Review Can It Really Fool AI Detectors appeared first on Unite.AI ."
"Robert Pierce, Co-Founder & Chief Science Officer at DecisionNext – Interview Series",DecisionNext,"Bob Pierce, PhD is cofounder and Chief Science Officer at DecisionNext. His work has brought advanced mathematical analysis to entirely new markets and industries, improving the way companies engage in strategic decision making. Prior to DecisionNext, Bob was Chief Scientist at SignalDemand, where he guided the science behind its solutions for manufacturers. Bob has held  The post Robert Pierce, CoFounder  Chief Science Officer at DecisionNext  Interview Series appeared first on Unite.AI ."
Beyond Manual Labeling: How ProVision Enhances Multimodal AI with Automated Data Synthesis,"AI data synthesis, automated data labelling, Multimodal AI, ProVision AI, ProVision-10M, scalable datasets","Artificial Intelligence AI has transformed industries, making processes more intelligent, faster, and efficient. The data quality used to train AI is critical to its success. For this data to be useful, it must be labelled accurately, which has traditionally been done manually. Manual labelling, however, is often slow, errorprone, and expensive. The need for precise  The post Beyond Manual Labeling How ProVision Enhances Multimodal AI with Automated Data Synthesis appeared first on Unite.AI ."
The Next Frontier in AI: Consumer-Centric Applications for Real-World Impact,kinetic investments,"AI still feels like a cuttingedge breakthrough, even though its been around for decades. Machine learning has quietly powered search engines, recommendation algorithms, and speech recognition for years  but only recently has AI become a consumer product in its own right. Since generative AI as a subcategory of AI went mainstream in 2022, ChatGPT  The post The Next Frontier in AI ConsumerCentric Applications for RealWorld Impact appeared first on Unite.AI ."
Why Data Scientists Should Care about Containers — and Stand Out with This Knowledge,"Data Science, Containers, Data Engineering, Docker","I train models, analyze data and create dashboards  why should I care about containers Many people who are new to the world of data science ask themselves this question. But imagine you have trained a model that runs perfectly on your laptop. However, error messages keep popping up in the cloud when others access  The post Why Data Scientists Should Care about Containers  and Stand Out with This Knowledge appeared first on Towards Data Science ."
Advanced Time Intelligence in DAX with Performance in Mind,"Data Science, Databases, Dax, Power Bi, Time Intelligence","We all know the usual Time Intelligence function based on years, quarters, months, and days. But sometimes, we need to perform more exotic timer intelligence calculations. But we should not forget to consider performance while programming the measures. Introduction There are many DAX functions in Power BI for Time Intelligence Measures. The most common are You  The post Advanced Time Intelligence in DAX with Performance in Mind appeared first on Towards Data Science ."
Multimodal Search Engine Agents Powered by BLIP-2 and Gemini,"Machine Learning, Ai Agent, Hands On Tutorials, Large Multimodal Models, Multimodality","This post was coauthored with Rafael Guedes. Introduction Traditional models can only process a single type of data, such as text, images, or tabular data. Multimodality is a trending concept in the AI research community, referring to a models ability to learn from multiple types of data simultaneously. This new technology not really new, but  The post Multimodal Search Engine Agents Powered by BLIP2 and Gemini appeared first on Towards Data Science ."
Formulation of Feature Circuits with Sparse Autoencoders in LLM,"Large Language Models, Explainable Ai, Machine Learning, Neural Networks, Sparse Autoencoder, Superposition","Large Language models LLMs have witnessed impressive progress and these large models can do a variety of tasks, from generating humanlike text to answering questions. However, understanding how these models work still remains challenging, especially due a phenomenon called superposition where features are mixed into one neuron, making it very difficult to extract human understandable  The post Formulation of Feature Circuits with Sparse Autoencoders in LLM appeared first on Towards Data Science ."
Zero Human Code: What I Learned from Forcing AI to Build (and Fix) Its Own Code for 27 Straight Days,"Agentic Ai, Ai Assistant, Ai Development, Deep Dives","27 days, 1,700 commits, 99,9 AI generated code The narrative around AI development tools has become increasingly detached from reality. YouTube is filled with claims of building complex applications in hours using AI assistants. The truth I spent 27 days building ObjectiveScope under a strict constraint the AI tools would handle ALL coding, debugging, and  The post Zero Human Code What I Learned from Forcing AI to Build and Fix Its Own Code for 27 Straight Days appeared first on Towards Data Science ."
KGGen: Advancing Knowledge Graph Extraction with Language Models and Clustering Techniques,"Language Model, Large Language Model, Machine Learning","Knowledge graphs KGs are the foundation of artificial intelligence applications but are incomplete and sparse, affecting their effectiveness. Wellestablished KGs such as DBpedia and Wikidata lack essential entity relationships, diminishing their utility in retrievalaugmented generation RAG and other machinelearning tasks. Traditional extraction methods are likely to provide sparse graphs with absent important connections or noisy,  The post KGGen Advancing Knowledge Graph Extraction with Language Models and Clustering Techniques appeared first on MarkTechPost ."
Steps to Build an Interactive Text-to-Image Generation Application using Gradio and Hugging Face’s Diffusers,"Machine Learning, Tutorials","In this tutorial, we will build an interactive texttoimage generator application accessed through Google Colab and a public link using Hugging Faces Diffusers library and Gradio. Youll learn how to transform simple text prompts into detailed images by leveraging the stateoftheart Stable Diffusion model and GPU acceleration. Well walk through setting up the environment, installing  The post Steps to Build an Interactive TexttoImage Generation Application using Gradio and Hugging Faces Diffusers appeared first on MarkTechPost ."
Breaking the Autoregressive Mold: LLaDA Proves Diffusion Models can Rival Traditional Language Architectures,"Language Model, Large Language Model","The field of large language models has long been dominated by autoregressive methods that predict text sequentially from left to right. While these approaches power todays most capable AI systems, they face fundamental limitations in computational efficiency and bidirectional reasoning. A research team from China has now challenged the assumption that autoregressive modeling is the  The post Breaking the Autoregressive Mold LLaDA Proves Diffusion Models can Rival Traditional Language Architectures appeared first on MarkTechPost ."
"Microsoft Researchers Present Magma: A Multimodal AI Model Integrating Vision, Language, and Action for Advanced Robotics, UI Navigation, and Intelligent Decision-Making",Computer Vision,"Multimodal AI agents are designed to process and integrate various data types, such as images, text, and videos, to perform tasks in digital and physical environments. They are used in robotics, virtual assistants, and user interface automation, where they need to understand and act based on complex multimodal inputs. These systems aim to bridge verbal  The post Microsoft Researchers Present Magma A Multimodal AI Model Integrating Vision, Language, and Action for Advanced Robotics, UI Navigation, and Intelligent DecisionMaking appeared first on MarkTechPost ."
Advancing MLLM Alignment Through MM-RLHF: A Large-Scale Human Preference Dataset for Multimodal Tasks,"Language Model, Large Language Model","Multimodal Large Language Models MLLMs have gained significant attention for their ability to handle complex tasks involving vision, language, and audio integration. However, they lack the comprehensive alignment beyond basic Supervised Finetuning SFT. Current stateoftheart models often bypass rigorous alignment stages, leaving crucial aspects like truthfulness, safety, and human preference alignment inadequately addressed. Existing approaches  The post Advancing MLLM Alignment Through MMRLHF A LargeScale Human Preference Dataset for Multimodal Tasks appeared first on MarkTechPost ."
Learning Intuitive Physics: Advancing AI Through Predictive Representation Models,Computer Vision,"Humans possess an innate understanding of physics, expecting objects to behave predictably without abrupt changes in position, shape, or color. This fundamental cognition is observed in infants, primates, birds, and marine mammals, supporting the core knowledge hypothesis, which suggests humans have evolutionarily developed systems for reasoning about objects, space, and agents. While AI surpasses humans  The post Learning Intuitive Physics Advancing AI Through Predictive Representation Models appeared first on MarkTechPost ."
"Seth Forsgren, Co-Founder and CEO of Riffusion – Interview Series",Riffusion,"Seth Forsgren, CoFounder and CEO of Riffusion, leads the development of an AIpowered music generation tool that creates audio tracks from text prompts. Riffusion allows users to experiment with different musical styles and sounds in realtime, making music creation more accessible. Designed for both creativity and ease of use, the platform enables anyone to explore  The post Seth Forsgren, CoFounder and CEO of Riffusion  Interview Series appeared first on Unite.AI ."
AI is the Perfect Teaching Assistant for Any Educator,kaltura,"Schools, universities, and other educational institutions around the world are facing a crisis. There simply arent enough teachers to meet the educational needs of a growing student population. UNESCOs recent global report on teachers reveals that 44 million additional teachers are needed globally to provide sufficient primary and secondary education by 2030. In England, for  The post AI is the Perfect Teaching Assistant for Any Educator appeared first on Unite.AI ."
LLMs Are Not Reasoning—They’re Just Really Good at Planning,"Abstract Reasoning in LLMs, AI cognitive abilities, AI logical reasoning, AI Metacognition, AI reasoning vs planning, AI Self-Reflection, Casual reasoning in LLMs, Causal Inference, Causal reasoning, Chain-of-Thought (CoT), Common Sense Reasoning in LLMs, DeepSeek-R1, Google Gemini 2.0, Large Language Models (LLMs), LLM reasoning, Machine reasoning, Neurosymbolic Reasoning, OpenAI o3, Symbolic reasoning","Large language models LLMs like OpenAIs o3, Googles Gemini 2.0, and DeepSeeks R1 have shown remarkable progress in tackling complex problems, generating humanlike text, and even writing code with precision. These advanced LLMs are often referred as reasoning models for their remarkable abilities to analyze and solve complex problems. But do these models actually reason,  The post LLMs Are Not ReasoningTheyre Just Really Good at Planning appeared first on Unite.AI ."
From Generative AI to Reliable AI: High Stakes in Manufacturing,"augury, manufacturing","The AI hype cycle exploded in 2023 with the debut of generative AI and subsequent funding injections. With it came a sense of blind AI optimism, where organizations championed the technology without a clear understanding of its ROI and practical use cases. Some merely followed the AI crowd, adopting the technology out of a fear  The post From Generative AI to Reliable AI High Stakes in Manufacturing appeared first on Unite.AI ."
Unraveling Spatially Variable Genes: A Statistical Perspective on Spatial Transcriptomics,"Data Science, Biology, Computational Biology, Genomics, Science, Statistics",The post Unraveling Spatially Variable Genes A Statistical Perspective on Spatial Transcriptomics appeared first on Towards Data Science .
Reinforcement Learning with PDEs,"Machine Learning, Math, Pde, Physics, Reinforcemect Learning",Previously we discussed applying reinforcement learning to Ordinary Differential Equations ODEs by integrating ODEs within gymnasium. ODEs are a powerful tool that can describe a wide range of systems but are limited to a single variable. Partial Differential Equations PDEs are differential equations involving derivatives of multiple variables that can cover a far broader range  The post Reinforcement Learning with PDEs appeared first on Towards Data Science .
How to Use an LLM-Powered Boilerplate for Building Your Own Node.js API,"Large Language Models, API, Code Generation, Nodejs","For a long time, one of the common ways to start new Node.js projects was using boilerplate templates. These templates help developers reuse familiar code structures and implement standard features, such as access to cloud file storage. With the latest developments in LLM, project boilerplates appear to be more useful than ever. Building on this  The post How to Use an LLMPowered Boilerplate for Building Your Own Node.js API appeared first on Towards Data Science ."
Don’t Let Conda Eat Your Hard Drive,"Data Science, Conda, Conda Environment, Data Engineering, Memory Management","If youre an Anaconda user, you know that conda environments help you manage package dependencies, avoid compatibility conflicts, and share your projects with others. Unfortunately, they can also take over your computers hard drive. I write lots of computer tutorials and to keep them organized, each has a dedicated folder structure complete with a conda environment. This  The post Dont Let Conda Eat Your Hard Drive appeared first on Towards Data Science ."
AI Agents from Zero to Hero – Part 1,"Agentic Ai, Ai Agent, Llm, Ollama","Intro AI Agents are autonomous programs that perform tasks, make decisions, and communicate with others. Normally, they use a set of tools to help complete tasks. In GenAI applications, these Agents process sequential reasoning and can use external tools like web searches or database queries when the LLM knowledge isnt enough. Unlike a basic chatbot,  The post AI Agents from Zero to Hero  Part 1 appeared first on Towards Data Science ."
AI system predicts protein fragments that can bind to or inhibit a target,"Research, Biological engineering, Proteins, DNA, Bacteria, Cells, Biology, Machine learning, Computer science and technology, Howard Hughes Medical Institute (HHMI), School of Engineering, School of Science","FragFold, developed by MIT Biology researchers, is a computational method with potential for impact on biological research and therapeutic applications."
Boosting AI Math Skills: How Counterexample-Driven Reasoning is Transforming Large Language Models,Machine Learning,"Mathematical Large Language Models LLMs have demonstrated strong problemsolving capabilities, but their reasoning ability is often constrained by pattern recognition rather than true conceptual understanding. Current models are heavily based on exposure to similar proofs as part of their training, confining their extrapolation to new mathematical problems. This constraint restricts LLMs from engaging in advanced  The post Boosting AI Math Skills How CounterexampleDriven Reasoning is Transforming Large Language Models appeared first on MarkTechPost ."
This AI Paper Introduces ‘Shortest Majority Vote’: An Improved Parallel Scaling Method for Enhancing Test-Time Performance in Large Language Models,Machine Learning,"Large language models LLMs use extensive computational resources to process and generate humanlike text. One emerging technique to enhance reasoning capabilities in LLMs is testtime scaling, which dynamically allocates computational resources during inference. This approach aims to improve the accuracy of responses by refining the models reasoning process. As models like OpenAIs o1 series introduced  The post This AI Paper Introduces Shortest Majority Vote An Improved Parallel Scaling Method for Enhancing TestTime Performance in Large Language Models appeared first on MarkTechPost ."
"Stanford Researchers Developed POPPER: An Agentic AI Framework that Automates Hypothesis Validation with Rigorous Statistical Control, Reducing Errors and Accelerating Scientific Discovery by 10x","Agentic AI, AI Agents","Hypothesis validation is fundamental in scientific discovery, decisionmaking, and information acquisition. Whether in biology, economics, or policymaking, researchers rely on testing hypotheses to guide their conclusions. Traditionally, this process involves designing experiments, collecting data, and analyzing results to determine the validity of a hypothesis. However, the volume of generated hypotheses has increased dramatically with the  The post Stanford Researchers Developed POPPER An Agentic AI Framework that Automates Hypothesis Validation with Rigorous Statistical Control, Reducing Errors and Accelerating Scientific Discovery by 10x appeared first on MarkTechPost ."
xAI Releases Grok 3 Beta: A Super Advanced AI Model Blending Strong Reasoning with Extensive Pretraining Knowledge,"Language Model, Large Language Model, Machine Learning, New Releases","Modern AI systems have made significant strides, yet many still struggle with complex reasoning tasks. Issues such as inconsistent problemsolving, limited chainofthought capabilities, and occasional factual inaccuracies remain. These challenges hinder practical applications in research and software development, where nuanced understanding and precision are crucial. The drive to overcome these limitations has prompted a reexamination  The post xAI Releases Grok 3 Beta A Super Advanced AI Model Blending Strong Reasoning with Extensive Pretraining Knowledge appeared first on MarkTechPost ."
Google DeepMind Releases PaliGemma 2 Mix: New Instruction Vision Language Models Fine-Tuned on a Mix of Vision Language Tasks,"Language Model, Large Language Model, Multimodal AI, New Releases, Vision Language Model","Visionlanguage models VLMs have long promised to bridge the gap between image understanding and natural language processing. Yet, practical challenges persist. Traditional VLMs often struggle with variability in image resolution, contextual nuance, and the sheer complexity of converting visual data into accurate textual descriptions. For instance, models may generate concise captions for simple images but  The post Google DeepMind Releases PaliGemma 2 Mix New Instruction Vision Language Models FineTuned on a Mix of Vision Language Tasks appeared first on MarkTechPost ."
Building an Ideation Agent System with AutoGen: Create AI Agents that Brainstorm and Debate Ideas,"Agentic AI, Machine Learning, Tutorials",Ideation processes often require timeconsuming analysis and debate. What if we make two LLMs come up with ideas and then make them debate about those ideas Sounds interesting right This tutorial exactly shows how to create an AIpowered solution using two LLM agents that collaborate through structured conversation. For achieving this we will be using  The post Building an Ideation Agent System with AutoGen Create AI Agents that Brainstorm and Debate Ideas appeared first on MarkTechPost .
A Forensic Data Method for a New Generation of Deepfakes,"Anderson's Angle, AI video, deepfake, deepfake detection, video","Although the deepfaking of private individuals has become a growing public concern and is increasingly being outlawed in various regions, actually proving that a usercreated model  such as one enabling revenge porn  was specifically trained on a particular persons images remains extremely challenging. To put the problem in context a key element of  The post A Forensic Data Method for a New Generation of Deepfakes appeared first on Unite.AI ."
10 Best AI Tools for Event Planning (February 2025),"Best Of, best of, event planning","Event planners are increasingly turning to artificial intelligence to streamline the planning of conferences, trade shows, and corporate gatherings. Below, we highlight some of the best AIpowered tools for event planning, each offering unique capabilities to enhance efficiency and attendee experience. These tools range from specialized event management platforms to general AI assistants that can  The post 10 Best AI Tools for Event Planning February 2025 appeared first on Unite.AI ."
What DeepSeek Can Teach Us About AI Cost and Efficiency,"CloudZero, deepseek","With its cute whale logo, the recent release of DeepSeek could have amounted to nothing more than yet another ChatGPT knockoff. What made it so newsworthy  and what sent competitors stocks into a tailspin  was how little it cost to create. It effectively threw a monkey wrench into the U.S.s notion of the  The post What DeepSeek Can Teach Us About AI Cost and Efficiency appeared first on Unite.AI ."
Perplexity AI “Uncensors” DeepSeek R1: Who Decides AI’s Boundaries?,"censorship, China, deepseek, perplexity","In a move that has caught the attention of many, Perplexity AI has released a new version of a popular opensource language model that strips away builtin Chinese censorship. This modified model, dubbed R1 1776 a name evoking the spirit of independence, is based on the Chinesedeveloped DeepSeek R1. The original DeepSeek R1 made waves  The post Perplexity AI Uncensors DeepSeek R1 Who Decides AIs Boundaries appeared first on Unite.AI ."
"Shikhil Sharma, Co-Founder & CEO of Astra Security – Interview Series",Astra Security,"Shikhil Sharma is the Founder of Astra Security  a continuous pentesting platform. At the very onset of his career, Shikhil consulted a number of businesses, startups  banks on cyber security. After helping some top businesses secure their websites  apps, Shikhil noted how ineffective traditional pentesting was, and founded Astra Security as an  The post Shikhil Sharma, CoFounder  CEO of Astra Security  Interview Series appeared first on Unite.AI ."
DeepSeek’s R1: A Useful Reminder,deepseek,"As a college educator and former IT industry veteran, I find that the hype around Chinas DeepSeek R1 model is a useful reminder of three things. The first is that generative AI is no longer just about processing vast amounts of content to generate relevant responses to prompts its also about cognitive reasoning the R  The post DeepSeeks R1 A Useful Reminder appeared first on Unite.AI ."
SmartSuite Secures $38 Million to Drive Global Expansion and Transform Work Management,"Funding, funding, SmartSuite","SmartSuite, the nextgeneration work management platform, has announced a significant global expansion, fueled by a total of 38 million in funding. The investment includes a newly secured 13 million Series A round, led by Canapi Ventures with participation from Sorenson Capital and High Alpha. This follows an earlier 25 million founderled seed round, underscoring the  The post SmartSuite Secures 38 Million to Drive Global Expansion and Transform Work Management appeared first on Unite.AI ."
Google’s AI ‘Co-Scientist’ Tool: Revolutionizing Biomedical Research,"accelerating scientific breakthroughs, AI for scientific discovery, AI in biomedical research, AI in drug development, AI-powered research tools, Google AI Co-Scientist","In the field of biomedical research, transforming a hypothesis into a tangible discovery is often a lengthy and expensive process. On average, developing a new drug can take over a decade and cost billions of dollars. To address these challenges, Google has introduced the AI CoScientist, an innovative tool designed to assist researchers in generating  The post Googles AI CoScientist Tool Revolutionizing Biomedical Research appeared first on Unite.AI ."
The Next AI Revolution: A Tutorial Using VAEs to Generate High-Quality Synthetic Data,"Data Science, Hands On Tutorials, Imbalanced Data, Synthetic Data, Variational Autoencoder",Leverage the BasicVAE architecture to generate synthetic data and improves the classification accuracy on an imbalanced dataset The post The Next AI Revolution A Tutorial Using VAEs to Generate HighQuality Synthetic Data appeared first on Towards Data Science .
Do European M&Ms Actually Taste Better than American M&Ms?,"Data Science, Data Analysis, Data Visualization, Editors Picks, Food Science, Statistics",An overlyenthusiastic application of science and data visualization to a question weve all been asking The post Do European MMs Actually Taste Better than American MMs appeared first on Towards Data Science .
Talking about Games,"Data Science, Deep Dives, Economics, Game Theory, Psychology, Statistics",Game Theory 101 terms and concepts The post Talking about Games appeared first on Towards Data Science .
Meta AI Releases ‘NATURAL REASONING’: A Multi-Domain Dataset with 2.8 Million Questions To Enhance LLMs’ Reasoning Capabilities,"Language Model, Large Language Model","Large language models LLMs have shown remarkable advancements in reasoning capabilities in solving complex tasks. While models like OpenAIs o1 and DeepSeeks R1 have significantly improved challenging reasoning benchmarks such as competition math, competitive coding, and GPQA, critical limitations remain in evaluating their true reasoning potential. The current reasoning datasets focus on problemsolving tasks but  The post Meta AI Releases NATURAL REASONING A MultiDomain Dataset with 2.8 Million Questions To Enhance LLMs Reasoning Capabilities appeared first on MarkTechPost ."
"Google DeepMind Research Releases SigLIP2: A Family of New Multilingual Vision-Language Encoders with Improved Semantic Understanding, Localization, and Dense Features","Computer Vision, Machine Learning, New Releases, Open Source, Vision Language Model","Modern visionlanguage models have transformed how we process visual data, yet they often fall short when it comes to finegrained localization and dense feature extraction. Many traditional models focus on highlevel semantic understanding and zeroshot classification but struggle with detailed spatial reasoning. These limitations can impact applications that require precise localization, such as document analysis  The post Google DeepMind Research Releases SigLIP2 A Family of New Multilingual VisionLanguage Encoders with Improved Semantic Understanding, Localization, and Dense Features appeared first on MarkTechPost ."
"SGLang: An Open-Source Inference Engine Transforming LLM Deployment through CPU Scheduling, Cache-Aware Load Balancing, and Rapid Structured Output Generation","Language Model, Large Language Model, New Releases","Organizations face significant challenges when deploying LLMs in todays technology landscape. The primary issues include managing the enormous computational demands required to process high volumes of data, achieving low latency, and ensuring optimal balance between CPUintensive tasks, such as scheduling and memory allocation, and GPUintensive computations. Repeatedly processing similar inputs further compounds the inefficiencies in  The post SGLang An OpenSource Inference Engine Transforming LLM Deployment through CPU Scheduling, CacheAware Load Balancing, and Rapid Structured Output Generation appeared first on MarkTechPost ."
This AI Paper Explores Emergent Response Planning in LLMs: Probing Hidden Representations for Predictive Text Generation,"Language Model, Large Language Model","Large Language models LLMs operate by predicting the next token based on input data, yet their performance suggests they process information beyond mere tokenlevel predictions. This raises questions about whether LLMs engage in implicit planning before generating complete responses. Understanding this phenomenon can lead to more transparent AI systems, improving efficiency and making output generation  The post This AI Paper Explores Emergent Response Planning in LLMs Probing Hidden Representations for Predictive Text Generation appeared first on MarkTechPost ."
Meet Baichuan-M1: A New Series of Large Language Models Trained on 20T Tokens with a Dedicated Focus on Enhancing Medical Capabilities,"Language Model, Large Language Model, Machine Learning, New Releases, Open Source","While LLMs have shown remarkable advancements in generalpurpose applications, their development for specialized fields like medicine remains limited. The complexity of medical knowledge and the scarcity of highquality, domainspecific data make creating highly efficient medical LLMs challenging. Although models like GPT4 and DeepseekR1 have demonstrated impressive capabilities across industries, their adaptation to the medical domain  The post Meet BaichuanM1 A New Series of Large Language Models Trained on 20T Tokens with a Dedicated Focus on Enhancing Medical Capabilities appeared first on MarkTechPost ."
Reinforcement Learning Meets Chain-of-Thought: Transforming LLMs into Autonomous Reasoning Agents,"Prompt Engineering, AI problem-solving, AI reasoning, Autonomous Reasoning Agent, Chain-of-Thought (CoT), Chain-of-Thought prompting, Deep Reasoning, DeepSeek-R1, Large Language Models, Large Language Models Reasoning, LLMs problem-solving, LLMs to Agents, reinforcement learning","Large Language Models LLMs have significantly advanced natural language processing NLP, excelling at text generation, translation, and summarization tasks. However, their ability to engage in logical reasoning remains a challenge. Traditional LLMs, designed to predict the next word, rely on statistical pattern recognition rather than structured reasoning. This limits their ability to solve complex problems  The post Reinforcement Learning Meets ChainofThought Transforming LLMs into Autonomous Reasoning Agents appeared first on Unite.AI ."
Google’s New AI “Co-Scientist” Aims to Accelerate Scientific Discovery,"Biology, google, science","Imagine a research partner that has read every scientific paper you have, tirelessly brainstorming new experiments around the clock. Google is trying to turn this vision into reality with a new AI system designed to act as a coscientist. This AIpowered assistant can sift through vast libraries of research, propose fresh hypotheses, and even outline  The post Googles New AI CoScientist Aims to Accelerate Scientific Discovery appeared first on Unite.AI ."
Elon Musk’s Grok-3: A New Era of AI-Driven Social Media,"AI chatbot for social media, Elon Musk xAI Grok-3, future of AI chatbots, grok, Grok 3, Grok-3 AI chatbot","Elon Musks xAI has introduced Grok3, a nextgeneration AI chatbot designed to change the way people interact on social media. Integrated directly into X formerly Twitter, Grok3 is built to provide more intelligent, personalized, and engaging conversations, making it a powerful tool for both users and businesses. Launched on February 18, 2025, Grok3 is faster,  The post Elon Musks Grok3 A New Era of AIDriven Social Media appeared first on Unite.AI ."
"Sarah Assous, Vice President of Product Marketing, Akeneo – Interview Series",Akeneo,"Sarah Assous is the Vice President of Product Marketing at Akeneo, where she drives strategic messaging, positioning, and gotomarket strategies. A resultsdriven leader, she has played a key role in accelerating company growth and leveraging marketing to support revenue generation. With expertise in content strategy, customer engagement, and competitive positioning, she combines creativity and business  The post Sarah Assous, Vice President of Product Marketing, Akeneo  Interview Series appeared first on Unite.AI ."
What’s Next for Automatic Speech Recognition? Challenges and Cutting-Edge Approaches,"aiOla, automatic speech recognition, speech recognition","As powerful as todays Automatic Speech Recognition ASR systems are, the field is far from solved. Researchers and practitioners are grappling with a host of challenges that push the boundaries of what ASR can achieve. From advancing realtime capabilities to exploring hybrid approaches that combine ASR with other modalities, the next wave of innovation in  The post Whats Next for Automatic Speech Recognition Challenges and CuttingEdge Approaches appeared first on Unite.AI ."
The Role of Generative AI in Banking: Choosing the Right Solution for Right Now,"bank, banking, hapax","The conversation around Generative AI in banking often focuses on efficiency and job displacement, with reports predicting up to 200,000 job cuts in the industry due to AI. While the focus is often on AIs potential to replace routine tasks, a key question is Whats the right solution for now, and where should humans remain  The post The Role of Generative AI in Banking Choosing the Right Solution for Right Now appeared first on Unite.AI ."
What are AI Agents? Demystifying Autonomous Software with a Human Touch,"Agentic AI, AI Agents, Language Model","In todays digital landscape, technology continues to advance at a steady pace. One development that has steadily gained attention is the concept of the AI agentsoftware designed to perform tasks autonomously by understanding and interacting with its environment. This article offers a measured exploration of AI agents, examining their definition, evolution, types, realworld applications, and  The post What are AI Agents Demystifying Autonomous Software with a Human Touch appeared first on MarkTechPost ."
Moonshot AI and UCLA Researchers Release Moonlight: A 3B/16B-Parameter Mixture-of-Expert (MoE) Model Trained with 5.7T Tokens Using Muon Optimizer,"Language Model, Large Language Model, Machine Learning, New Releases, Open Source","Training large language models LLMs has become central to advancing artificial intelligence, yet it is not without its challenges. As model sizes and datasets continue to grow, traditional optimization methodsmost notably AdamWbegin to show their limitations. One of the main difficulties is managing the computational cost and ensuring stability throughout extended training runs. Issues such  The post Moonshot AI and UCLA Researchers Release Moonlight A 3B16BParameter MixtureofExpert MoE Model Trained with 5.7T Tokens Using Muon Optimizer appeared first on MarkTechPost ."
Fine-Tuning NVIDIA NV-Embed-v1 on Amazon Polarity Dataset Using LoRA and PEFT: A Memory-Efficient Approach with Transformers and Hugging Face,Tutorials,"In this tutorial, we explore how to finetune NVIDIAs NVEmbedv1 model on the Amazon Polarity dataset using LoRA LowRank Adaptation with PEFT ParameterEfficient FineTuning from Hugging Face. By leveraging LoRA, we efficiently adapt the model without modifying all its parameters, making finetuning feasible on lowVRAM GPUs.Steps to the implementation in this tutorial can be broken  The post FineTuning NVIDIA NVEmbedv1 on Amazon Polarity Dataset Using LoRA and PEFT A MemoryEfficient Approach with Transformers and Hugging Face appeared first on MarkTechPost ."
Sony Researchers Propose TalkHier: A Novel AI Framework for LLM-MA Systems that Addresses Key Challenges in Communication and Refinement,Machine Learning,"LLMbased multiagent LLMMA systems enable multiple language model agents to collaborate on complex tasks by dividing responsibilities. These systems are used in robotics, finance, and coding but face challenges in communication and refinement. Textbased communication leads to long, unstructured exchanges, making it hard to track tasks, maintain structure, and recall past interactions. Refinement methods like  The post Sony Researchers Propose TalkHier A Novel AI Framework for LLMMA Systems that Addresses Key Challenges in Communication and Refinement appeared first on MarkTechPost ."
TokenSkip: Optimizing Chain-of-Thought Reasoning in LLMs Through Controllable Token Compression,"Language Model, Large Language Model, Machine Learning","Large Language Models LLMs face significant challenges in complex reasoning tasks, despite the breakthrough advances achieved through ChainofThought CoT prompting. The primary challenge lies in the computational overhead introduced by longer CoT sequences, which directly impacts inference latency and memory requirements. The autoregressive nature of LLM decoding means that as CoT sequences grow longer, there  The post TokenSkip Optimizing ChainofThought Reasoning in LLMs Through Controllable Token Compression appeared first on MarkTechPost ."
Meta AI Releases the Video Joint Embedding Predictive Architecture (V-JEPA) Model: A Crucial Step in Advancing Machine Intelligence,,"Humans have an innate ability to process raw visual signals from the retina and develop a structured understanding of their surroundings, identifying objects and motion patterns. A major goal of machine learning is to uncover the underlying principles that enable such unsupervised human learning. One key hypothesis, the predictive feature principle, suggests that representations of  The post Meta AI Releases the Video Joint Embedding Predictive Architecture VJEPA Model A Crucial Step in Advancing Machine Intelligence appeared first on MarkTechPost ."
Stanford Researchers Introduce OctoTools: A Training-Free Open-Source Agentic AI Framework Designed to Tackle Complex Reasoning Across Diverse Domains,"Language Model, Large Language Model, Machine Learning, New Releases, Open Source","Large language models LLMs are limited by complex reasoning tasks that require multiple steps, domainspecific knowledge, or external tool integration. To address these challenges, researchers have explored ways to enhance LLM capabilities through external tool usage. By leveraging prebuilt tools, AI systems can handle more intricate problemsolving scenarios, including realworld decisionmaking, multistep reasoning, and specialized  The post Stanford Researchers Introduce OctoTools A TrainingFree OpenSource Agentic AI Framework Designed to Tackle Complex Reasoning Across Diverse Domains appeared first on MarkTechPost ."
Google’s AI Co-Scientist vs. OpenAI’s Deep Research vs. Perplexity’s Deep Research: A Comparison of AI Research Agents,"AI for scientific research, AI in literature review, AI Research Agents, AI research automation, AI-assisted knowledge discovery, AI-powered research tools, Autonomous AI research agents, Google’s AI Co-Scientist, OpenAI’s Deep Research, Perplexity’s Deep Research","Rapid advancements in AI have brought about the emergence of AI research agentstools designed to assist researchers by handling vast amounts of data, automating repetitive tasks, and even generating novel ideas. Among the leading agents include Googles AI CoScientist, OpenAIs Deep Research, and Perplexitys Deep Research, each offering distinct approaches to facilitating researchers. This article  The post Googles AI CoScientist vs. OpenAIs Deep Research vs. Perplexitys Deep Research A Comparison of AI Research Agents appeared first on Unite.AI ."
