"",title,description,category
0,A Step-by-Step Guide to Setting Up a Custom BPE Tokenizer with Tiktoken for Advanced NLP Applications in Python,"In this tutorial, well learn how to create a custom tokenizer using the tiktoken library. The process involves loading a pretrained tokenizer model, defining both base and special tokens, initiali...",Emerging Research
1,Enhancing Reasoning Capabilities in Low-Resource Language Models through Efficient Model Merging,Large Language Models LLMs have shown exceptional capabilities in complex reasoning tasks through recent advancements in scaling and specialized training approaches. While models like OpenAI o1 an...,Natural Language Processing
2,Higher-Order Guided Diffusion for Graph Generation: A Coarse-to-Fine Approach to Preserving Topological Structures,"Graph generation is a complex problem that involves constructing structured, nonEuclidean representations while maintaining meaningful relationships between entities. Most current methods fail to ...",Graph Neural Networks
3,LG AI Research Releases NEXUS: An Advanced System Integrating Agent AI System and Data Compliance Standards to Address Legal Concerns in AI Datasets,"After the advent of LLMs, AI Research has focused solely on the development of powerful models day by day. These cuttingedge new models improve users experience across various reasoning, content g...",Natural Language Processing
4,This AI Paper from IBM and MIT Introduces SOLOMON: A Neuro-Inspired Reasoning Network for Enhancing LLM Adaptability in Semiconductor Layout Design,"Adapting large language models for specialized domains remains challenging, especially in fields requiring spatial reasoning and structured problemsolving, even though they specialize in complex r...",Natural Language Processing
5,KAIST and DeepAuto AI Researchers Propose InfiniteHiP: A Game-Changing Long-Context LLM Framework for 3M-Token Inference on a Single GPU,"In large language models LLMs, processing extended input sequences demands significant computational and memory resources, leading to slower inference and higher hardware costs. The attention mech...",Natural Language Processing
6,Tutorial: Semantic Clustering of User Messages with LLM Prompts,"As a Developer Advocate, its challenging to keep up with user forum messages and understand the big picture of what users are saying. Theres plenty of valuable content  but how can you quickly spo...",Natural Language Processing
7,On-Device Machine Learning in Spatial Computing,"The landscape of computing is undergoing a profound transformation with the emergence of spatial computing platformsVR and AR. As we step into this new era, the intersection of virtual reality, au...",Emerging Research
8,OpenAI introduces SWE-Lancer: A Benchmark for Evaluating Model Performance on Real-World Freelance Software Engineering Work,"Addressing the evolving challenges in software engineering starts with recognizing that traditional benchmarks often fall short. Realworld freelance software engineering is complex, involving much...",Emerging Research
9,This AI Paper Introduces Diverse Inference and Verification: Enhancing AI Reasoning for Advanced Mathematical and Logical Problem-Solving,"Large language models have demonstrated remarkable problemsolving capabilities and mathematical and logical reasoning. These models have been applied to complex reasoning tasks, including Internat...",Natural Language Processing
10,Ola: A State-of-the-Art Omni-Modal Understanding Model with Advanced Progressive Modality Alignment Strategy,"Understanding different data types like text, images, videos, and audio in one model is a big challenge. Large language models that handle all these together struggle to match the performance of m...",AI Ethics
11,Enhancing Diffusion Models: The Role of Sparsity and Regularization in Efficient Generative AI,"Diffusion models have emerged as a crucial generative AI framework, excelling in tasks such as image synthesis, video generation, texttoimage translation, and molecular design. These models functi...",Computer Vision
12,Scale AI Research Introduces J2 Attackers: Leveraging Human Expertise to Transform Advanced LLMs into Effective Red Teamers,"Transforming language models into effective red teamers is not without its challenges. Modern large language models have transformed the way we interact with technology, yet they still struggle wi...",Retrieval-Augmented Generation
13,Stanford Researchers Introduced a Multi-Agent Reinforcement Learning Framework for Effective Social Deduction in AI Communication,"Artificial intelligence in multiagent environments has made significant strides, particularly in reinforcement learning. One of the core challenges in this domain is developing AI agents capable o...",Multi-Agent Systems
14,Rethinking AI Safety: Balancing Existential Risks and Practical Challenges,"Recent discussions on AI safety increasingly link it to existential risks posed by advanced AI, suggesting that addressing safety inherently involves considering catastrophic scenarios. However, t...",AI Safety
15,AlphaGeometry2: The AI That Outperforms Human Olympiad Champions in Geometry,"Artificial intelligence has long been trying to mimic humanlike logical reasoning. While it has made massive progress in pattern recognition, abstract reasoning and symbolic deduction have remaine...",Emerging Research
16,"Dr. Ashish Agarwal, Co-Founder & CTO of WRMS – Interview Series","Ashish Agarwal is an accomplished Chief Technology Officer with extensive experience in the industrial automation industry. He has a robust skill set encompassing software development, startups, m...",Emerging Research
17,The Path from RPA to Autonomous Agents,A financial crime investigator who once received large volumes of suspicious activity alerts requiring tedious investigation work manually gathering data across systems in order to weed out false ...,Multi-Agent Systems
18,10 Best AI Tools for Personal Trainers (February 2025),"Personal trainers can use a range of AIpowered tools to better their services. From generating customized workout programs and managing client progress to planning nutrition, these tools save time...",Emerging Research
19,"Data Scientist: From School to Work, Part I","Nowadays, data science projects do not end with the proof of concept every project has the goal of being used in production. It is important, therefore, to deliver highquality code. I have been wo...",Data Science
20,How to Fine-Tune DistilBERT for Emotion Classification,The customer support teams were drowning with the overwhelming volume of customer inquiries at every company Ive worked at. Have you had similar experiences What if I told you that you could use A...,Transformer Models
21,Learning How to Play Atari Games Through Deep Neural Networks,"In July 1959, Arthur Samuel developed one of the first agents to play the game of checkers. What constitutes an agent that plays checkers can be best described in Samuels own words, a computer tha...",Emerging Research
22,Honestly Uncertain,"Ethical issues aside, should you be honest when asked how certain you are about some belief Of course, it depends. In this blog post, youll learn on what. A probabilistic quiz game David Spiegelha...",Emerging Research
23,"How LLMs Work: Pre-Training to Post-Training, Neural Networks, Hallucinations, and Inference","With the recent explosion of interest in large language models LLMs, they often seem almost magical. But lets demystify them. I wanted to step back and unpack the fundamentals  breaking down how L...",Natural Language Processing
24,The Future of Data: How Decision Intelligence is Revolutionizing Data,"In the past few years, technology and AI have evolved more than ever. As I read about the new concepts in tech and learn new skills and techniques each day, I feel in a state of limbo  there is so...",Emerging Research
25,Retrieval Augmented Generation in SQLite,"This is the second in a twopart series on using SQLite for machine learning. In my last article, I dove into how SQLite is rapidly becoming a productionready database for web applications. In this...",Retrieval-Augmented Generation
26,"Like human brains, large language models reason about diverse data in a general way",A new study shows LLMs represent different data types based on their underlying meaning and reason about data in their dominant language.,Natural Language Processing
27,MIT spinout maps the body’s metabolites to uncover the hidden drivers of disease,"ReviveMed uses AI to gather largescale data on metabolites  molecules like lipids, cholesterol, and sugar  to match patients with therapeutics.",Emerging Research
28,Microsoft AI Releases OmniParser V2: An AI Tool that Turns Any LLM into a Computer Use Agent,"In the realm of artificial intelligence, enabling Large Language Models LLMs to navigate and interact with graphical user interfaces GUIs has been a notable challenge. While LLMs are adept at proc...",Natural Language Processing
29,Moonshot AI Research Introduce Mixture of Block Attention (MoBA): A New AI Approach that Applies the Principles of Mixture of Experts (MoE) to the Attention Mechanism,"Efficiently handling long contexts has been a longstanding challenge in natural language processing. As large language models expand their capacity to read, comprehend, and generate text, the atte...",Natural Language Processing
30,ViLa-MIL: Enhancing Whole Slide Image Classification with Dual-Scale Vision-Language Multiple Instance Learning,Whole Slide Image WSI classification in digital pathology presents several critical challenges due to the immense size and hierarchical nature of WSIs. WSIs contain billions of pixels and hence di...,Emerging Research
31,Mistral AI Introduces Mistral Saba: A New Regional Language Model Designed to Excel in Arabic and South Indian-Origin Languages such as Tamil,"As artificial intelligence AI continues to gain traction across industries, one persistent challenge remains creating language models that truly understand the diversity of human languages, includ...",Emerging Research
32,DeepSeek AI Introduces NSA: A Hardware-Aligned and Natively Trainable Sparse Attention Mechanism for Ultra-Fast Long-Context Training and Inference,"In recent years, language models have been pushed to handle increasingly long contexts. This need has exposed some inherent problems in the standard attention mechanisms. The quadratic complexity ...",Emerging Research
33,A Stepwise Python Code Implementation to Create Interactive Photorealistic Faces with NVIDIA StyleGAN2‑ADA,"In this tutorial, we will do an indepth, interactive exploration of NVIDIAs StyleGAN2ADA PyTorch model, showcasing its powerful capabilities for generating photorealistic images. Leveraging a pret...",Retrieval-Augmented Generation
34,All You Need to Know about Vision Language Models VLMs: A Survey Article,"Vision Language Models have been a revolutionizing milestone in the development of language models, which overcomes the shortcomings of predecessor pretrained LLMs like LLama, GPT, etc. Vision Lan...",Natural Language Processing
35,Meet Fino1-8B: A Fine-Tuned Version of Llama 3.1 8B Instruct Designed to Improve Performance on Financial Reasoning Tasks,"Understanding financial information means analyzing numbers, financial terms, and organized data like tables for useful insights. It requires math calculations and knowledge of economic concepts, ...",Emerging Research
36,Mira Murati Launches Thinking Machines Lab: The Next Big AI Challenger,"One of the brightest minds in artificial intelligence, Mira Murati, has officially launched her next ambitious venture Thinking Machines Lab. With a handpicked team of elite AI researchers and eng...",Emerging Research
37,StealthGPT Review: Can It Really Fool AI Detectors?,"Have you ever spent hours carefully writing something, only to have an AI detector flag it as machinegenerated It can be frustrating. With AI writing tools becoming more advanced, so are the detec...",Emerging Research
38,"Robert Pierce, Co-Founder & Chief Science Officer at DecisionNext – Interview Series","Bob Pierce, PhD is cofounder and Chief Science Officer at DecisionNext. His work has brought advanced mathematical analysis to entirely new markets and industries, improving the way companies enga...",Transformer Models
39,Beyond Manual Labeling: How ProVision Enhances Multimodal AI with Automated Data Synthesis,"Artificial Intelligence AI has transformed industries, making processes more intelligent, faster, and efficient. The data quality used to train AI is critical to its success. For this data to be u...",Emerging Research
40,The Next Frontier in AI: Consumer-Centric Applications for Real-World Impact,"AI still feels like a cuttingedge breakthrough, even though its been around for decades. Machine learning has quietly powered search engines, recommendation algorithms, and speech recognition for ...",Speech Processing
41,Why Data Scientists Should Care about Containers — and Stand Out with This Knowledge,"I train models, analyze data and create dashboards  why should I care about containers Many people who are new to the world of data science ask themselves this question. But imagine you have train...",Data Science
42,Advanced Time Intelligence in DAX with Performance in Mind,"We all know the usual Time Intelligence function based on years, quarters, months, and days. But sometimes, we need to perform more exotic timer intelligence calculations. But we should not forget...",Emerging Research
43,Multimodal Search Engine Agents Powered by BLIP-2 and Gemini,"This post was coauthored with Rafael Guedes. Introduction Traditional models can only process a single type of data, such as text, images, or tabular data. Multimodality is a trending concept in t...",Emerging Research
44,Formulation of Feature Circuits with Sparse Autoencoders in LLM,"Large Language models LLMs have witnessed impressive progress and these large models can do a variety of tasks, from generating humanlike text to answering questions. However, understanding how th...",Natural Language Processing
45,Zero Human Code: What I Learned from Forcing AI to Build (and Fix) Its Own Code for 27 Straight Days,"27 days, 1,700 commits, 99,9 AI generated code The narrative around AI development tools has become increasingly detached from reality. YouTube is filled with claims of building complex applicatio...",Emerging Research
46,KGGen: Advancing Knowledge Graph Extraction with Language Models and Clustering Techniques,"Knowledge graphs KGs are the foundation of artificial intelligence applications but are incomplete and sparse, affecting their effectiveness. Wellestablished KGs such as DBpedia and Wikidata lack ...",Graph Neural Networks
47,Steps to Build an Interactive Text-to-Image Generation Application using Gradio and Hugging Face’s Diffusers,"In this tutorial, we will build an interactive texttoimage generator application accessed through Google Colab and a public link using Hugging Faces Diffusers library and Gradio. Youll learn how t...",Computer Vision
48,Breaking the Autoregressive Mold: LLaDA Proves Diffusion Models can Rival Traditional Language Architectures,"The field of large language models has long been dominated by autoregressive methods that predict text sequentially from left to right. While these approaches power todays most capable AI systems,...",Computer Vision
49,"Microsoft Researchers Present Magma: A Multimodal AI Model Integrating Vision, Language, and Action for Advanced Robotics, UI Navigation, and Intelligent Decision-Making","Multimodal AI agents are designed to process and integrate various data types, such as images, text, and videos, to perform tasks in digital and physical environments. They are used in robotics, v...",Emerging Research
50,Advancing MLLM Alignment Through MM-RLHF: A Large-Scale Human Preference Dataset for Multimodal Tasks,"Multimodal Large Language Models MLLMs have gained significant attention for their ability to handle complex tasks involving vision, language, and audio integration. However, they lack the compreh...",AI Ethics
51,Learning Intuitive Physics: Advancing AI Through Predictive Representation Models,"Humans possess an innate understanding of physics, expecting objects to behave predictably without abrupt changes in position, shape, or color. This fundamental cognition is observed in infants, p...",Emerging Research
52,"Seth Forsgren, Co-Founder and CEO of Riffusion – Interview Series","Seth Forsgren, CoFounder and CEO of Riffusion, leads the development of an AIpowered music generation tool that creates audio tracks from text prompts. Riffusion allows users to experiment with di...",Emerging Research
53,AI is the Perfect Teaching Assistant for Any Educator,"Schools, universities, and other educational institutions around the world are facing a crisis. There simply arent enough teachers to meet the educational needs of a growing student population. UN...",Emerging Research
54,LLMs Are Not Reasoning—They’re Just Really Good at Planning,"Large language models LLMs like OpenAIs o3, Googles Gemini 2.0, and DeepSeeks R1 have shown remarkable progress in tackling complex problems, generating humanlike text, and even writing code with ...",Natural Language Processing
55,From Generative AI to Reliable AI: High Stakes in Manufacturing,"The AI hype cycle exploded in 2023 with the debut of generative AI and subsequent funding injections. With it came a sense of blind AI optimism, where organizations championed the technology witho...",Emerging Research
56,Unraveling Spatially Variable Genes: A Statistical Perspective on Spatial Transcriptomics,The post Unraveling Spatially Variable Genes A Statistical Perspective on Spatial Transcriptomics appeared first on Towards Data Science .,Data Science
57,Reinforcement Learning with PDEs,Previously we discussed applying reinforcement learning to Ordinary Differential Equations ODEs by integrating ODEs within gymnasium. ODEs are a powerful tool that can describe a wide range of sys...,Reinforcement Learning
58,How to Use an LLM-Powered Boilerplate for Building Your Own Node.js API,"For a long time, one of the common ways to start new Node.js projects was using boilerplate templates. These templates help developers reuse familiar code structures and implement standard feature...",Natural Language Processing
59,Don’t Let Conda Eat Your Hard Drive,"If youre an Anaconda user, you know that conda environments help you manage package dependencies, avoid compatibility conflicts, and share your projects with others. Unfortunately, they can also t...",Emerging Research
60,AI Agents from Zero to Hero – Part 1,"Intro AI Agents are autonomous programs that perform tasks, make decisions, and communicate with others. Normally, they use a set of tools to help complete tasks. In GenAI applications, these Agen...",Multi-Agent Systems
61,AI system predicts protein fragments that can bind to or inhibit a target,"FragFold, developed by MIT Biology researchers, is a computational method with potential for impact on biological research and therapeutic applications.",Retrieval-Augmented Generation
62,Boosting AI Math Skills: How Counterexample-Driven Reasoning is Transforming Large Language Models,"Mathematical Large Language Models LLMs have demonstrated strong problemsolving capabilities, but their reasoning ability is often constrained by pattern recognition rather than true conceptual un...",Natural Language Processing
63,This AI Paper Introduces ‘Shortest Majority Vote’: An Improved Parallel Scaling Method for Enhancing Test-Time Performance in Large Language Models,"Large language models LLMs use extensive computational resources to process and generate humanlike text. One emerging technique to enhance reasoning capabilities in LLMs is testtime scaling, which...",Natural Language Processing
64,"Stanford Researchers Developed POPPER: An Agentic AI Framework that Automates Hypothesis Validation with Rigorous Statistical Control, Reducing Errors and Accelerating Scientific Discovery by 10x","Hypothesis validation is fundamental in scientific discovery, decisionmaking, and information acquisition. Whether in biology, economics, or policymaking, researchers rely on testing hypotheses to...",Emerging Research
65,xAI Releases Grok 3 Beta: A Super Advanced AI Model Blending Strong Reasoning with Extensive Pretraining Knowledge,"Modern AI systems have made significant strides, yet many still struggle with complex reasoning tasks. Issues such as inconsistent problemsolving, limited chainofthought capabilities, and occasion...",Emerging Research
66,Google DeepMind Releases PaliGemma 2 Mix: New Instruction Vision Language Models Fine-Tuned on a Mix of Vision Language Tasks,"Visionlanguage models VLMs have long promised to bridge the gap between image understanding and natural language processing. Yet, practical challenges persist. Traditional VLMs often struggle with...",Emerging Research
67,Building an Ideation Agent System with AutoGen: Create AI Agents that Brainstorm and Debate Ideas,Ideation processes often require timeconsuming analysis and debate. What if we make two LLMs come up with ideas and then make them debate about those ideas Sounds interesting right This tutorial e...,Natural Language Processing
68,A Forensic Data Method for a New Generation of Deepfakes,"Although the deepfaking of private individuals has become a growing public concern and is increasingly being outlawed in various regions, actually proving that a usercreated model  such as one ena...",Emerging Research
69,10 Best AI Tools for Event Planning (February 2025),"Event planners are increasingly turning to artificial intelligence to streamline the planning of conferences, trade shows, and corporate gatherings. Below, we highlight some of the best AIpowered ...",Emerging Research
70,What DeepSeek Can Teach Us About AI Cost and Efficiency,"With its cute whale logo, the recent release of DeepSeek could have amounted to nothing more than yet another ChatGPT knockoff. What made it so newsworthy  and what sent competitors stocks into a ...",Emerging Research
71,Perplexity AI “Uncensors” DeepSeek R1: Who Decides AI’s Boundaries?,"In a move that has caught the attention of many, Perplexity AI has released a new version of a popular opensource language model that strips away builtin Chinese censorship. This modified model, d...",Emerging Research
72,"Shikhil Sharma, Co-Founder & CEO of Astra Security – Interview Series","Shikhil Sharma is the Founder of Astra Security  a continuous pentesting platform. At the very onset of his career, Shikhil consulted a number of businesses, startups  banks on cyber security. Aft...",Cybersecurity
73,DeepSeek’s R1: A Useful Reminder,"As a college educator and former IT industry veteran, I find that the hype around Chinas DeepSeek R1 model is a useful reminder of three things. The first is that generative AI is no longer just a...",Emerging Research
74,SmartSuite Secures $38 Million to Drive Global Expansion and Transform Work Management,"SmartSuite, the nextgeneration work management platform, has announced a significant global expansion, fueled by a total of 38 million in funding. The investment includes a newly secured 13 millio...",Emerging Research
75,Google’s AI ‘Co-Scientist’ Tool: Revolutionizing Biomedical Research,"In the field of biomedical research, transforming a hypothesis into a tangible discovery is often a lengthy and expensive process. On average, developing a new drug can take over a decade and cost...",Retrieval-Augmented Generation
76,The Next AI Revolution: A Tutorial Using VAEs to Generate High-Quality Synthetic Data,Leverage the BasicVAE architecture to generate synthetic data and improves the classification accuracy on an imbalanced dataset The post The Next AI Revolution A Tutorial Using VAEs to Generate Hi...,Retrieval-Augmented Generation
77,Do European M&Ms Actually Taste Better than American M&Ms?,An overlyenthusiastic application of science and data visualization to a question weve all been asking The post Do European MMs Actually Taste Better than American MMs appeared first on Towards Da...,Emerging Research
78,Talking about Games,Game Theory 101 terms and concepts The post Talking about Games appeared first on Towards Data Science .,Data Science
79,Meta AI Releases ‘NATURAL REASONING’: A Multi-Domain Dataset with 2.8 Million Questions To Enhance LLMs’ Reasoning Capabilities,Large language models LLMs have shown remarkable advancements in reasoning capabilities in solving complex tasks. While models like OpenAIs o1 and DeepSeeks R1 have significantly improved challeng...,Natural Language Processing
80,"Google DeepMind Research Releases SigLIP2: A Family of New Multilingual Vision-Language Encoders with Improved Semantic Understanding, Localization, and Dense Features","Modern visionlanguage models have transformed how we process visual data, yet they often fall short when it comes to finegrained localization and dense feature extraction. Many traditional models ...",Emerging Research
81,"SGLang: An Open-Source Inference Engine Transforming LLM Deployment through CPU Scheduling, Cache-Aware Load Balancing, and Rapid Structured Output Generation",Organizations face significant challenges when deploying LLMs in todays technology landscape. The primary issues include managing the enormous computational demands required to process high volume...,Natural Language Processing
82,This AI Paper Explores Emergent Response Planning in LLMs: Probing Hidden Representations for Predictive Text Generation,"Large Language models LLMs operate by predicting the next token based on input data, yet their performance suggests they process information beyond mere tokenlevel predictions. This raises questio...",Natural Language Processing
83,Meet Baichuan-M1: A New Series of Large Language Models Trained on 20T Tokens with a Dedicated Focus on Enhancing Medical Capabilities,"While LLMs have shown remarkable advancements in generalpurpose applications, their development for specialized fields like medicine remains limited. The complexity of medical knowledge and the sc...",Healthcare AI
84,Reinforcement Learning Meets Chain-of-Thought: Transforming LLMs into Autonomous Reasoning Agents,"Large Language Models LLMs have significantly advanced natural language processing NLP, excelling at text generation, translation, and summarization tasks. However, their ability to engage in logi...",Multi-Agent Systems
85,Google’s New AI “Co-Scientist” Aims to Accelerate Scientific Discovery,"Imagine a research partner that has read every scientific paper you have, tirelessly brainstorming new experiments around the clock. Google is trying to turn this vision into reality with a new AI...",Emerging Research
86,Elon Musk’s Grok-3: A New Era of AI-Driven Social Media,"Elon Musks xAI has introduced Grok3, a nextgeneration AI chatbot designed to change the way people interact on social media. Integrated directly into X formerly Twitter, Grok3 is built to provide ...",Emerging Research
87,"Sarah Assous, Vice President of Product Marketing, Akeneo – Interview Series","Sarah Assous is the Vice President of Product Marketing at Akeneo, where she drives strategic messaging, positioning, and gotomarket strategies. A resultsdriven leader, she has played a key role i...",Emerging Research
88,What’s Next for Automatic Speech Recognition? Challenges and Cutting-Edge Approaches,"As powerful as todays Automatic Speech Recognition ASR systems are, the field is far from solved. Researchers and practitioners are grappling with a host of challenges that push the boundaries of ...",Speech Processing
89,The Role of Generative AI in Banking: Choosing the Right Solution for Right Now,"The conversation around Generative AI in banking often focuses on efficiency and job displacement, with reports predicting up to 200,000 job cuts in the industry due to AI. While the focus is ofte...",Emerging Research
90,What are AI Agents? Demystifying Autonomous Software with a Human Touch,"In todays digital landscape, technology continues to advance at a steady pace. One development that has steadily gained attention is the concept of the AI agentsoftware designed to perform tasks a...",Multi-Agent Systems
91,Moonshot AI and UCLA Researchers Release Moonlight: A 3B/16B-Parameter Mixture-of-Expert (MoE) Model Trained with 5.7T Tokens Using Muon Optimizer,"Training large language models LLMs has become central to advancing artificial intelligence, yet it is not without its challenges. As model sizes and datasets continue to grow, traditional optimiz...",Natural Language Processing
92,Fine-Tuning NVIDIA NV-Embed-v1 on Amazon Polarity Dataset Using LoRA and PEFT: A Memory-Efficient Approach with Transformers and Hugging Face,"In this tutorial, we explore how to finetune NVIDIAs NVEmbedv1 model on the Amazon Polarity dataset using LoRA LowRank Adaptation with PEFT ParameterEfficient FineTuning from Hugging Face. By leve...",Transformer Models
93,Sony Researchers Propose TalkHier: A Novel AI Framework for LLM-MA Systems that Addresses Key Challenges in Communication and Refinement,"LLMbased multiagent LLMMA systems enable multiple language model agents to collaborate on complex tasks by dividing responsibilities. These systems are used in robotics, finance, and coding but fa...",Natural Language Processing
94,TokenSkip: Optimizing Chain-of-Thought Reasoning in LLMs Through Controllable Token Compression,"Large Language Models LLMs face significant challenges in complex reasoning tasks, despite the breakthrough advances achieved through ChainofThought CoT prompting. The primary challenge lies in th...",Natural Language Processing
95,Meta AI Releases the Video Joint Embedding Predictive Architecture (V-JEPA) Model: A Crucial Step in Advancing Machine Intelligence,"Humans have an innate ability to process raw visual signals from the retina and develop a structured understanding of their surroundings, identifying objects and motion patterns. A major goal of m...",Emerging Research
96,Stanford Researchers Introduce OctoTools: A Training-Free Open-Source Agentic AI Framework Designed to Tackle Complex Reasoning Across Diverse Domains,"Large language models LLMs are limited by complex reasoning tasks that require multiple steps, domainspecific knowledge, or external tool integration. To address these challenges, researchers have...",Natural Language Processing
97,Google’s AI Co-Scientist vs. OpenAI’s Deep Research vs. Perplexity’s Deep Research: A Comparison of AI Research Agents,"Rapid advancements in AI have brought about the emergence of AI research agentstools designed to assist researchers by handling vast amounts of data, automating repetitive tasks, and even generati...",Emerging Research
